{
  "IcoMoonType": "selection",
  "icons": [
    {
      "icon": {
        "paths": [
          "M928 0h-832c-52.8 0-96 43.2-96 96v832c0 52.8 43.2 96 96 96h832c52.8 0 96-43.2 96-96v-832c0-52.8-43.2-96-96-96zM448 768c0 35.2-28.8 64-64 64h-128c-35.2 0-64-28.8-64-64v-512c0-35.2 28.8-64 64-64h128c35.2 0 64 28.8 64 64v512zM832 576c0 35.2-28.8 64-64 64h-128c-35.2 0-64-28.8-64-64v-320c0-35.2 28.8-64 64-64h128c35.2 0 64 28.8 64 64v320z"
        ],
        "tags": [
          "trello",
          "brand"
        ],
        "defaultCode": 60083,
        "grid": 16,
        "attrs": []
      },
      "attrs": [],
      "properties": {
        "name": "trello",
        "ligatures": "trello, brand43",
        "order": 2,
        "id": 436,
        "prevSize": 32,
        "code": 60083
      },
      "setIdx": 0,
      "setId": 1,
      "iconIdx": 435
    }
  ],
  "height": 1024,
  "metadata": {
    "name": "icomoon"
  },
  "preferences": {
    "showGlyphs": true,
    "showQuickUse": true,
    "showQuickUse2": true,
    "showSVGs": true,
    "fontPref": {
      "prefix": "icon-",
      "metadata": {
        "fontFamily": "icomoon"
      },
      "metrics": {
        "emSize": 1024,
        "baseline": 6.25,
        "whitespace": 50
      },
      "embed": false
    },
    "imagePref": {
      "prefix": "icon-",
      "png": true,
      "useClassSelector": true,
      "color": 0,
      "bgColor": 16777215,
      "classSelector": ".icon"
    },
    "historySize": 50,
    "showCodes": true,
    "gridSize": 16
  }
}